{"stats":{"minecraft:killed_by":{"minecraft:zombie":1,"minecraft:creeper":1},"minecraft:custom":{"minecraft:jump":311,"minecraft:time_since_rest":5939,"minecraft:leave_game":1,"minecraft:deaths":2,"minecraft:sprint_one_cm":43668,"minecraft:play_time":14271,"minecraft:damage_taken":530,"minecraft:time_since_death":5898,"minecraft:walk_one_cm":14518,"minecraft:total_world_time":14271,"minecraft:drop":1,"minecraft:fall_one_cm":1353,"minecraft:fly_one_cm":91810},"minecraft:picked_up":{"minecraft:wheat_seeds":6,"minecraft:dirt":34},"minecraft:dropped":{"minecraft:wheat_seeds":2},"minecraft:used":{"minecraft:carved_pumpkin":7,"minecraft:iron_block":34,"minecraft:warden_spawn_egg":1,"minecraft:horse_spawn_egg":4}},"DataVersion":3465}