{"stats":{"minecraft:picked_up":{"travelersbackpack:standard":1,"minecraft:feather":2,"minecraft:chicken":1,"minecraft:wheat_seeds":4},"minecraft:mined":{"minecraft:grass":4,"travelersbackpack:standard":1},"minecraft:dropped":{"minecraft:wheat_seeds":1},"minecraft:killed":{"minecraft:chicken":1},"minecraft:custom":{"minecraft:jump":118,"minecraft:time_since_rest":9568,"minecraft:damage_taken":20,"minecraft:damage_dealt":40,"minecraft:walk_on_water_one_cm":88,"minecraft:leave_game":2,"minecraft:play_time":9568,"minecraft:sprint_one_cm":8957,"minecraft:time_since_death":9568,"minecraft:walk_one_cm":16389,"minecraft:sneak_time":17,"minecraft:total_world_time":9568,"minecraft:mob_kills":1,"minecraft:drop":1,"minecraft:fall_one_cm":4402,"minecraft:fly_one_cm":14258}},"DataVersion":3465}