{"stats":{"minecraft:killed_by":{"minecraft:zombie":1,"minecraft:skeleton":2},"minecraft:mined":{"minecraft:oak_log":5},"minecraft:picked_up":{"minecraft:oak_log":5},"minecraft:custom":{"minecraft:jump":569,"minecraft:time_since_rest":1,"minecraft:walk_on_water_one_cm":102,"minecraft:damage_dealt":20,"minecraft:deaths":5,"minecraft:damage_taken":1620,"minecraft:sprint_one_cm":77955,"minecraft:play_time":30298,"minecraft:time_since_death":1032,"minecraft:walk_one_cm":51507,"minecraft:total_world_time":30298,"minecraft:walk_under_water_one_cm":918,"minecraft:swim_one_cm":2763,"minecraft:fall_one_cm":20434,"minecraft:fly_one_cm":249308,"minecraft:leave_game":1},"minecraft:used":{"tombstone:gift":3}},"DataVersion":3465}