{"stats":{"minecraft:killed_by":{"minecraft:warden":1},"minecraft:used":{"securitycraft:camera_monitor":3,"minecraft:campfire":2,"securitycraft:security_camera":3,"minecraft:stripped_spruce_log":9,"minecraft:red_bed":2,"minecraft:grass_block":7},"minecraft:picked_up":{"minecraft:leather":1},"minecraft:custom":{"minecraft:jump":404,"minecraft:time_since_rest":28322,"minecraft:damage_taken":450,"minecraft:leave_game":2,"minecraft:crouch_one_cm":1,"minecraft:time_since_death":28282,"minecraft:play_time":30401,"minecraft:sprint_one_cm":45731,"minecraft:walk_one_cm":39419,"minecraft:walk_on_water_one_cm":949,"minecraft:deaths":1,"minecraft:sneak_time":189,"minecraft:total_world_time":30401,"minecraft:walk_under_water_one_cm":2293,"minecraft:fall_one_cm":4238,"minecraft:fly_one_cm":273635}},"DataVersion":3465}