{"stats":{"minecraft:used":{"minecraft:cooked_mutton":8,"minecraft:stone_sword":187,"minecraft:stone_pickaxe":255,"minecraft:stone_shovel":182,"minecraft:oak_planks":8,"minecraft:wooden_pickaxe":36,"travelersbackpack:dragon":1,"minecraft:cooked_chicken":3,"minecraft:torch":41,"minecraft:sand":1,"minecraft:dirt":65,"minecraft:mutton":3,"minecraft:crafting_table":4,"travelersbackpack:wolf":2,"minecraft:obsidian":10,"minecraft:wooden_axe":58,"minecraft:diamond_pickaxe":1,"minecraft:apple":4,"minecraft:bread":1,"tombstone:magic_scroll":3,"minecraft:gravel":10,"minecraft:stone_axe":165,"minecraft:fire_charge":1,"travelersbackpack:standard":19,"minecraft:oak_sapling":6,"minecraft:furnace":4,"minecraft:smithing_table":1},"minecraft:crafted":{"minecraft:cooked_beef":13,"minecraft:oak_planks":56,"minecraft:stone_shovel":2,"minecraft:cooked_porkchop":9,"minecraft:crafting_table":2,"travelersbackpack:standard":2,"minecraft:wooden_pickaxe":2,"minecraft:cooked_chicken":4,"minecraft:iron_sword":1,"minecraft:furnace":2,"minecraft:fletching_table":3,"minecraft:stone_axe":3,"minecraft:cooked_mutton":9,"travelersbackpack:wolf":1,"minecraft:charcoal":25,"minecraft:diamond_pickaxe":1,"minecraft:stick":48,"minecraft:stone_pickaxe":3,"minecraft:wooden_axe":2,"minecraft:stone_sword":2,"minecraft:acacia_planks":44,"minecraft:torch":68},"minecraft:dropped":{"minecraft:gravel":1,"minecraft:golden_boots":2,"biomesoplenty:jacaranda_sapling":28,"minecraft:clock":2,"minecraft:iron_nugget":18,"minecraft:stone_sword":1,"minecraft:smithing_table":1,"minecraft:crafting_table":2,"minecraft:chicken":2,"minecraft:feather":3,"minecraft:cobblestone":48,"minecraft:iron_boots":1,"minecraft:apple":1,"travelersbackpack:wolf":3,"minecraft:coal":21,"biomesoplenty:jacaranda_log":15,"minecraft:flint":7,"minecraft:filled_map":2,"minecraft:leather_chestplate":1,"minecraft:gunpowder":3,"minecraft:pumpkin":4,"minecraft:glistering_melon_slice":6,"minecraft:paper":7,"tombstone:scroll_of_preservation":2,"minecraft:gold_ingot":4},"minecraft:mined":{"biomesoplenty:desert_grass":1,"travelersbackpack:standard":5,"minecraft:obsidian":1,"minecraft:crafting_table":1,"minecraft:torch":2,"travelersbackpack:red_sleeping_bag":1,"minecraft:grass_block":26,"minecraft:melon":11,"minecraft:tall_grass":30,"minecraft:sugar_cane":4,"minecraft:oak_planks":1,"minecraft:wall_torch":2,"minecraft:hay_block":21,"minecraft:furnace":2,"minecraft:pumpkin":22,"treechop:chopped_log":20,"biomesoplenty:sea_oats":4,"minecraft:grass":112,"minecraft:coal_ore":71,"minecraft:oak_log":1,"minecraft:gravel":114,"minecraft:sand":1,"minecraft:dirt":81,"minecraft:stone":194,"minecraft:oak_leaves":11},"minecraft:broken":{"minecraft:stone_pickaxe":1,"minecraft:stone_axe":1,"minecraft:stone_shovel":1},"minecraft:killed_by":{"minecraft:skeleton":1},"minecraft:killed":{"minecraft:pig":12,"minecraft:salmon":1,"minecraft:sheep":30,"minecraft:skeleton":1,"minecraft:zombie":1,"minecraft:chicken":7,"minecraft:cow":7},"minecraft:picked_up":{"minecraft:charcoal":24,"minecraft:crafting_table":2,"minecraft:clock":1,"minecraft:feather":7,"minecraft:chicken":7,"minecraft:salmon":1,"minecraft:brown_wool":2,"minecraft:leather":7,"minecraft:filled_map":1,"biomesoplenty:jacaranda_sapling":28,"minecraft:flint":7,"tombstone:scroll_of_preservation":1,"minecraft:oak_log":113,"minecraft:golden_boots":1,"minecraft:dirt":129,"minecraft:bone":2,"minecraft:apple":8,"minecraft:wheat_seeds":19,"minecraft:beef":13,"minecraft:iron_nugget":9,"minecraft:melon_slice":56,"minecraft:sugar_cane":7,"minecraft:oak_planks":1,"minecraft:acacia_sapling":5,"minecraft:furnace":2,"minecraft:stick":42,"minecraft:cooked_porkchop":18,"minecraft:pumpkin":24,"minecraft:torch":4,"minecraft:acacia_log":29,"minecraft:gravel":108,"minecraft:porkchop":27,"minecraft:sand":18,"minecraft:ink_sac":2,"travelersbackpack:wolf":3,"minecraft:arrow":2,"travelersbackpack:standard":6,"biomesoplenty:jacaranda_log":15,"minecraft:hay_block":21,"minecraft:gray_wool":2,"minecraft:gold_ingot":2,"minecraft:oak_sapling":57,"minecraft:black_wool":3,"minecraft:obsidian":1,"minecraft:mutton":47,"minecraft:coal":71,"minecraft:white_wool":23,"minecraft:cobblestone":210},"minecraft:custom":{"minecraft:interact_with_smithing_table":5,"minecraft:interact_with_furnace":28,"minecraft:mob_kills":60,"minecraft:interact_with_crafting_table":13,"minecraft:open_barrel":3,"minecraft:leave_game":3,"minecraft:time_since_death":134859,"minecraft:sleep_in_bed":5,"minecraft:time_since_rest":7659,"minecraft:sprint_one_cm":290950,"minecraft:damage_taken":1175,"minecraft:walk_one_cm":319241,"minecraft:drop":37,"minecraft:damage_dealt":4765,"tombstone:cast_on_ally":0,"minecraft:swim_one_cm":97677,"minecraft:talked_to_villager":5,"minecraft:fly_one_cm":394671,"minecraft:open_chest":4,"minecraft:crouch_one_cm":511,"minecraft:play_time":195356,"tombstone:undead_killed":2,"minecraft:deaths":2,"minecraft:sneak_time":653,"minecraft:walk_under_water_one_cm":26009,"minecraft:jump":2108,"minecraft:walk_on_water_one_cm":27055,"minecraft:total_world_time":195356,"minecraft:fall_one_cm":34543}},"DataVersion":3465}