{"stats":{"minecraft:mined":{"minecraft:grass":2,"minecraft:oak_log":6,"regions_unexplored:redwood_log":4,"minecraft:oak_leaves":1},"minecraft:custom":{"minecraft:time_since_rest":44412,"minecraft:open_chest":2,"minecraft:damage_taken":345,"minecraft:play_time":59556,"minecraft:sprint_one_cm":138767,"minecraft:deaths":1,"minecraft:walk_one_cm":121596,"minecraft:sneak_time":39,"minecraft:walk_under_water_one_cm":14470,"minecraft:jump":1225,"minecraft:damage_dealt":30,"minecraft:leave_game":2,"minecraft:time_since_death":44354,"minecraft:walk_on_water_one_cm":8750,"minecraft:climb_one_cm":379,"minecraft:total_world_time":59556,"minecraft:swim_one_cm":19768,"minecraft:interact_with_crafting_table":1,"minecraft:fall_one_cm":6651,"minecraft:fly_one_cm":367559},"minecraft:used":{"minecraft:torch":8,"minecraft:glowstone":9,"minecraft:magma_block":2,"minecraft:crafting_table":1},"minecraft:picked_up":{"minecraft:torch":1,"minecraft:oak_log":6,"regions_unexplored:redwood_log":4},"minecraft:killed_by":{"minecraft:zombie":1},"minecraft:crafted":{"regions_unexplored:redwood_planks":16,"minecraft:crafting_table":1,"minecraft:stick":4}},"DataVersion":3465}