{"stats":{"minecraft:used":{"minecraft:dirt":2,"minecraft:rabbit":2,"minecraft:porkchop":2,"tombstone:gift":5,"minecraft:campfire":1,"minecraft:torch":16},"minecraft:custom":{"minecraft:open_barrel":1,"minecraft:open_chest":9,"minecraft:time_since_rest":4424,"minecraft:damage_taken":3780,"minecraft:crouch_one_cm":558,"minecraft:play_time":88492,"minecraft:sprint_one_cm":223733,"minecraft:walk_one_cm":174767,"minecraft:deaths":12,"minecraft:sneak_time":317,"minecraft:walk_under_water_one_cm":12337,"minecraft:mob_kills":1,"minecraft:drop":2,"minecraft:jump":1525,"minecraft:damage_dealt":203,"minecraft:leave_game":5,"minecraft:time_since_death":4656,"minecraft:walk_on_water_one_cm":4056,"minecraft:total_world_time":88492,"minecraft:climb_one_cm":3033,"minecraft:swim_one_cm":40949,"minecraft:fly_one_cm":542300,"minecraft:fall_one_cm":63825},"minecraft:picked_up":{"mysticsbiomes:yellow_maple_sapling":1,"minecraft:stick":2,"minecraft:arrow":2,"minecraft:wheat_seeds":2,"minecraft:porkchop":2,"minecraft:oak_log":6,"minecraft:rabbit":2,"minecraft:dirt":2},"minecraft:killed_by":{"minecraft:skeleton":2,"minecraft:zombie":1},"minecraft:mined":{"minecraft:grass":8,"minecraft:grass_block":2,"minecraft:oak_log":6,"minecraft:tall_grass":12,"minecraft:fern":2},"minecraft:killed":{"minecraft:pig":1},"minecraft:dropped":{"minecraft:wheat_seeds":1,"tombstone:grave_key":1}},"DataVersion":3465}