{"stats":{"minecraft:crafted":{"regions_unexplored:redwood_planks":16,"minecraft:crafting_table":1,"minecraft:stick":4},"minecraft:custom":{"minecraft:time_since_rest":30893,"minecraft:open_chest":2,"minecraft:walk_one_cm":93943,"minecraft:play_time":46037,"minecraft:sprint_one_cm":103202,"minecraft:damage_taken":345,"minecraft:deaths":1,"minecraft:sneak_time":39,"minecraft:walk_under_water_one_cm":14422,"minecraft:jump":886,"minecraft:damage_dealt":30,"minecraft:leave_game":1,"minecraft:time_since_death":30835,"minecraft:walk_on_water_one_cm":8184,"minecraft:total_world_time":46037,"minecraft:climb_one_cm":315,"minecraft:swim_one_cm":19768,"minecraft:interact_with_crafting_table":1,"minecraft:fall_one_cm":6651,"minecraft:fly_one_cm":287481},"minecraft:mined":{"minecraft:grass":2,"minecraft:oak_log":6,"regions_unexplored:redwood_log":4,"minecraft:oak_leaves":1},"minecraft:killed_by":{"minecraft:zombie":1},"minecraft:picked_up":{"minecraft:torch":1,"minecraft:oak_log":6,"regions_unexplored:redwood_log":4},"minecraft:used":{"minecraft:torch":8,"minecraft:glowstone":8,"minecraft:magma_block":2,"minecraft:crafting_table":1}},"DataVersion":3465}