{"stats":{"minecraft:used":{"minecraft:torch":16,"minecraft:dirt":2,"minecraft:rabbit":2,"minecraft:porkchop":2,"tombstone:gift":5,"minecraft:campfire":1},"minecraft:custom":{"minecraft:open_barrel":1,"minecraft:open_chest":9,"minecraft:time_since_rest":1,"minecraft:damage_taken":3310,"minecraft:play_time":76731,"minecraft:sprint_one_cm":172720,"minecraft:deaths":10,"minecraft:walk_one_cm":150914,"minecraft:sneak_time":84,"minecraft:walk_under_water_one_cm":12337,"minecraft:mob_kills":1,"minecraft:jump":1204,"minecraft:damage_dealt":183,"minecraft:leave_game":3,"minecraft:time_since_death":446,"minecraft:walk_on_water_one_cm":4056,"minecraft:total_world_time":76731,"minecraft:climb_one_cm":2805,"minecraft:swim_one_cm":40949,"minecraft:fall_one_cm":48695,"minecraft:fly_one_cm":456692},"minecraft:picked_up":{"mysticsbiomes:yellow_maple_sapling":1,"minecraft:stick":2,"minecraft:arrow":2,"minecraft:porkchop":2,"minecraft:oak_log":5,"minecraft:rabbit":2,"minecraft:dirt":2},"minecraft:killed_by":{"minecraft:skeleton":2,"minecraft:zombie":1},"minecraft:mined":{"minecraft:grass_block":2,"minecraft:oak_log":5},"minecraft:killed":{"minecraft:pig":1}},"DataVersion":3465}