{"stats":{"minecraft:killed_by":{"minecraft:warden":1},"minecraft:picked_up":{"minecraft:leather":1},"minecraft:custom":{"minecraft:jump":371,"minecraft:time_since_rest":15171,"minecraft:leave_game":1,"minecraft:crouch_one_cm":1,"minecraft:walk_on_water_one_cm":949,"minecraft:deaths":1,"minecraft:sprint_one_cm":41792,"minecraft:play_time":17250,"minecraft:damage_taken":450,"minecraft:time_since_death":15131,"minecraft:walk_one_cm":31775,"minecraft:sneak_time":189,"minecraft:total_world_time":17250,"minecraft:walk_under_water_one_cm":2293,"minecraft:fall_one_cm":4238,"minecraft:fly_one_cm":143304},"minecraft:used":{"minecraft:campfire":2,"minecraft:stripped_spruce_log":9,"minecraft:red_bed":2,"minecraft:grass_block":7}},"DataVersion":3465}