{
  "minecraft:recipes/transportation/acacia_boat": {
    "criteria": {
      "entered_water": "2024-05-15 02:30:45 +0000"
    },
    "done": true
  },
  "minecraft:recipes/transportation/dark_oak_boat": {
    "criteria": {
      "entered_water": "2024-05-15 02:30:45 +0000"
    },
    "done": true
  },
  "minecraft:recipes/transportation/birch_boat": {
    "criteria": {
      "entered_water": "2024-05-15 02:30:45 +0000"
    },
    "done": true
  },
  "minecraft:recipes/transportation/boat": {
    "criteria": {
      "entered_water": "2024-05-15 02:30:45 +0000"
    },
    "done": true
  },
  "minecraft:recipes/transportation/jungle_boat": {
    "criteria": {
      "entered_water": "2024-05-15 02:30:45 +0000"
    },
    "done": true
  },
  "minecraft:recipes/transportation/spruce_boat": {
    "criteria": {
      "entered_water": "2024-05-15 02:30:45 +0000"
    },
    "done": true
  },
  "minecraft:adventure/adventuring_time": {
    "criteria": {
      "forest": "2024-05-15 02:53:58 +0000",
      "swampland": "2024-05-15 02:10:55 +0000",
      "jungle_edge": "2024-05-15 02:56:07 +0000",
      "taiga": "2024-05-15 02:08:33 +0000",
      "taiga_hills": "2024-05-15 02:15:07 +0000",
      "river": "2024-05-15 02:30:32 +0000"
    },
    "done": false
  }
}